Timestamp,Filename,Prediction,Actual_Label
2025-05-10 12:58:11,th (5).jpg,with_mask,not_in_dataset
2025-05-10 13:01:13,123.png,with_mask,not_in_dataset
2025-05-10 13:03:45,143.png,with_mask,not_in_dataset
2025-05-11 09:53:04,87.png,with_mask,not_in_dataset
2025-05-11 09:53:04,87.png,with_mask,not_in_dataset
2025-05-11 09:53:04,87.png,with_mask,not_in_dataset
2025-05-11 09:53:04,87.png,with_mask,not_in_dataset
2025-05-11 09:53:04,87.png,with_mask,not_in_dataset
2025-05-11 09:58:45,65.png,mask_weared_incorrect,mask_weared_incorrect
2025-05-11 09:59:26,25.png,mask_weared_incorrect,mask_weared_incorrect
2025-05-11 09:59:49,135.png,mask_weared_incorrect,mask_weared_incorrect
2025-05-11 10:00:03,10.png,mask_weared_incorrect,mask_weared_incorrect
2025-05-11 10:00:04,10.png,mask_weared_incorrect,mask_weared_incorrect
2025-05-11 10:00:25,80.png,mask_weared_incorrect,mask_weared_incorrect
2025-05-11 10:05:24,102.png,mask_weared_incorrect,mask_weared_incorrect
2025-05-11 10:16:02,62.png,without_mask,mask_weared_incorrect
2025-05-11 10:24:32,62.png,without_mask,mask_weared_incorrect
2025-05-11 10:29:14,65.png,mask_weared_incorrect,mask_weared_incorrect
2025-05-11 10:29:14,65.png,mask_weared_incorrect,mask_weared_incorrect
2025-05-11 10:29:14,65.png,mask_weared_incorrect,mask_weared_incorrect
2025-05-11 10:29:14,65.png,mask_weared_incorrect,mask_weared_incorrect
2025-05-11 10:29:14,65.png,mask_weared_incorrect,mask_weared_incorrect
2025-05-11 10:29:14,65.png,mask_weared_incorrect,mask_weared_incorrect
2025-05-11 10:29:17,65.png,mask_weared_incorrect,mask_weared_incorrect
2025-05-11 10:29:17,65.png,mask_weared_incorrect,mask_weared_incorrect
2025-05-11 10:29:17,65.png,mask_weared_incorrect,mask_weared_incorrect
2025-05-11 10:29:17,65.png,mask_weared_incorrect,mask_weared_incorrect
2025-05-11 10:29:17,65.png,mask_weared_incorrect,mask_weared_incorrect
2025-05-11 10:29:18,65.png,mask_weared_incorrect,mask_weared_incorrect
2025-05-11 10:29:18,65.png,mask_weared_incorrect,mask_weared_incorrect
2025-05-11 10:29:18,65.png,mask_weared_incorrect,mask_weared_incorrect
2025-05-11 10:29:18,65.png,mask_weared_incorrect,mask_weared_incorrect
2025-05-11 10:29:19,65.png,mask_weared_incorrect,mask_weared_incorrect
2025-05-11 10:29:19,65.png,mask_weared_incorrect,mask_weared_incorrect
2025-05-11 10:29:19,65.png,mask_weared_incorrect,mask_weared_incorrect
2025-05-11 10:29:19,65.png,mask_weared_incorrect,mask_weared_incorrect
2025-05-11 10:29:19,65.png,mask_weared_incorrect,mask_weared_incorrect
2025-05-11 10:29:23,65.png,mask_weared_incorrect,mask_weared_incorrect
2025-05-11 10:29:25,65.png,mask_weared_incorrect,mask_weared_incorrect
2025-05-11 10:29:25,65.png,mask_weared_incorrect,mask_weared_incorrect
2025-05-11 10:29:25,65.png,mask_weared_incorrect,mask_weared_incorrect
2025-05-11 10:29:25,65.png,mask_weared_incorrect,mask_weared_incorrect
2025-05-11 10:29:26,65.png,mask_weared_incorrect,mask_weared_incorrect
2025-05-11 10:29:26,65.png,mask_weared_incorrect,mask_weared_incorrect
2025-05-11 10:29:27,65.png,mask_weared_incorrect,mask_weared_incorrect
2025-05-11 10:29:28,65.png,mask_weared_incorrect,mask_weared_incorrect
2025-05-11 10:29:29,65.png,mask_weared_incorrect,mask_weared_incorrect
2025-05-11 10:29:29,65.png,mask_weared_incorrect,mask_weared_incorrect
2025-05-11 10:29:31,65.png,mask_weared_incorrect,mask_weared_incorrect
2025-05-11 10:29:31,65.png,mask_weared_incorrect,mask_weared_incorrect
2025-05-11 10:29:31,65.png,mask_weared_incorrect,mask_weared_incorrect
2025-05-11 10:29:31,65.png,mask_weared_incorrect,mask_weared_incorrect
2025-05-11 10:29:31,65.png,mask_weared_incorrect,mask_weared_incorrect
2025-05-11 10:29:32,65.png,mask_weared_incorrect,mask_weared_incorrect
2025-05-11 10:29:33,65.png,mask_weared_incorrect,mask_weared_incorrect
2025-05-11 10:29:35,65.png,mask_weared_incorrect,mask_weared_incorrect
2025-05-11 10:29:35,65.png,mask_weared_incorrect,mask_weared_incorrect
2025-05-11 10:29:36,65.png,mask_weared_incorrect,mask_weared_incorrect
2025-05-11 10:29:36,65.png,mask_weared_incorrect,mask_weared_incorrect
2025-05-11 10:29:36,65.png,mask_weared_incorrect,mask_weared_incorrect
2025-05-12 10:28:32,47.png,without_mask,without_mask
2025-05-12 10:28:39,30.png,with_mask,with_mask
2025-05-12 10:28:43,167.png,with_mask,mask_weared_incorrect
2025-05-12 10:32:55,41.png,with_mask,with_mask
2025-05-12 18:32:58,30.png,with_mask,with_mask
2025-05-12 18:44:46,6.png,with_mask,mask_weared_incorrect
2025-05-12 18:45:47,10.png,with_mask,mask_weared_incorrect
2025-05-12 18:46:49,3.png,mask_weared_incorrect,mask_weared_incorrect
2025-05-13 08:28:46,10.png,with_mask,mask_weared_incorrect
2025-05-13 08:31:41,15.png,with_mask,mask_weared_incorrect
2025-05-13 08:31:46,15.png,with_mask,mask_weared_incorrect
2025-05-13 08:31:47,15.png,with_mask,mask_weared_incorrect
2025-05-13 08:31:53,25.png,with_mask,mask_weared_incorrect
2025-05-13 08:32:35,6.png,with_mask,mask_weared_incorrect
2025-05-13 08:32:47,5.png,with_mask,with_mask
2025-05-13 08:32:48,5.png,with_mask,with_mask
2025-05-13 08:32:53,30.png,with_mask,with_mask
2025-05-13 08:32:53,30.png,with_mask,with_mask
2025-05-13 08:33:02,27.png,without_mask,without_mask
2025-05-13 08:33:09,28.png,without_mask,without_mask
2025-05-13 08:33:17,3.png,mask_weared_incorrect,mask_weared_incorrect
2025-05-13 08:33:19,3.png,mask_weared_incorrect,mask_weared_incorrect
2025-05-13 08:33:19,3.png,mask_weared_incorrect,mask_weared_incorrect
2025-05-13 08:33:23,10.png,with_mask,mask_weared_incorrect
2025-05-13 08:33:24,10.png,with_mask,mask_weared_incorrect
2025-05-13 08:33:24,10.png,with_mask,mask_weared_incorrect
2025-05-13 08:33:29,15.png,with_mask,mask_weared_incorrect
2025-05-13 08:33:30,15.png,with_mask,mask_weared_incorrect
2025-05-13 08:33:34,19.png,mask_weared_incorrect,mask_weared_incorrect
2025-05-13 08:33:39,20.png,mask_weared_incorrect,mask_weared_incorrect
2025-05-13 08:33:43,60.png,mask_weared_incorrect,mask_weared_incorrect
2025-05-13 08:33:50,6.png,with_mask,mask_weared_incorrect
2025-05-13 08:33:51,6.png,with_mask,mask_weared_incorrect
2025-05-13 08:33:52,6.png,with_mask,mask_weared_incorrect
2025-05-13 08:34:00,3.png,mask_weared_incorrect,mask_weared_incorrect
2025-05-13 08:34:10,9.png,mask_weared_incorrect,mask_weared_incorrect
2025-05-16 09:49:32,10.png,with_mask,mask_weared_incorrect
2025-05-16 09:49:32,10.png,with_mask,mask_weared_incorrect
2025-05-16 09:49:36,3.png,mask_weared_incorrect,mask_weared_incorrect
2025-05-16 09:49:41,25.png,with_mask,mask_weared_incorrect
2025-05-16 09:49:42,25.png,with_mask,mask_weared_incorrect
2025-05-16 09:49:43,25.png,with_mask,mask_weared_incorrect
2025-05-16 09:49:43,25.png,with_mask,mask_weared_incorrect
2025-05-16 09:49:43,25.png,with_mask,mask_weared_incorrect
2025-05-16 09:49:43,25.png,with_mask,mask_weared_incorrect
2025-05-16 09:49:55,70.png,mask_weared_incorrect,mask_weared_incorrect
2025-05-16 09:50:04,213.png,without_mask,mask_weared_incorrect
2025-05-16 09:50:05,213.png,without_mask,mask_weared_incorrect
2025-05-16 09:50:14,62.png,with_mask,mask_weared_incorrect
2025-05-16 09:50:20,229.png,mask_weared_incorrect,mask_weared_incorrect
2025-05-16 09:50:28,30.png,with_mask,with_mask
2025-05-16 09:50:28,30.png,with_mask,with_mask
2025-05-16 09:50:35,175.png,with_mask,with_mask
2025-05-16 09:50:41,206.png,with_mask,with_mask
2025-05-16 09:50:47,435.png,with_mask,with_mask
2025-05-16 09:56:32,143.png,with_mask,with_mask
2025-05-16 09:56:40,316.png,with_mask,with_mask
2025-05-16 09:56:41,316.png,with_mask,with_mask
2025-05-16 09:56:47,200.png,with_mask,with_mask
2025-05-16 09:56:56,374.png,with_mask,with_mask
2025-05-16 09:57:06,435.png,with_mask,with_mask
2025-05-16 20:21:37,30.png,with_mask,with_mask
2025-05-16 20:21:37,30.png,with_mask,with_mask
2025-05-18 10:59:47,30.png,with_mask,with_mask
2025-05-18 10:59:51,41.png,with_mask,with_mask
2025-05-18 10:59:55,54.png,with_mask,with_mask
2025-05-18 10:59:59,5.png,with_mask,with_mask
2025-05-18 11:00:04,8.png,with_mask,with_mask
2025-05-18 11:00:09,10.png,with_mask,mask_weared_incorrect
2025-05-22 10:43:37,30.png,with_mask,with_mask
2025-05-22 10:43:37,30.png,with_mask,with_mask
2025-05-22 10:44:01,54.png,with_mask,with_mask
2025-05-22 10:44:17,3.png,mask_weared_incorrect,mask_weared_incorrect
